ID,First Name,Last Name,Email
1,Akash,Ram,akash.ram@gmail.com
4,2,Mahavirji,Ojha,mahavir@gmail.com
3,Rakesh,Tiwari,rakesh@gmail.com
4,Amit,Dash,amit@gmail.com
5,Shiba,Dash,shiba@gmail.com
6,Vikash,Kumar,vikah@rediff.com
7,8,Rajdeep,Kuila,rajdeep@rediff.com
10,8,Bikash,Mohanta,bikash@gmail.com
9,Gaurav,Devnath,gaurav@gmail.com
10,11,Updendra,Dehuri,upendra@gmail.com
